{
    "dumpCSV": false,
    "inputPrefix": "final10k.vcf",
    "inputType": "csv",
    "maxOrder": 3,
    "numSnpsNeeded": 26,
    "numVariables": 17,
    "outputPrefix": "out/10k",
    "seed": "13",
    "shuffleSnps": true,
    "variables": [
        {
            "numSNPs": 10,
            "numSnpsInVar": 1,
            "numVar": 10
        },
        {
            "numSNPs": 10,
            "numSnpsInVar": 2,
            "numVar": 5
        },
        {
            "numSNPs": 6,
            "numSnpsInVar": 3,
            "numVar": 2
        }
    ]
}