{
    "dumpCSV": false,
    "inputPrefix": "final.vcf",
    "inputType": "csv",
    "maxOrder": 3,
    "numSnpsNeeded": 38,
    "numVariables": 22,
    "outputPrefix": "out/100k",
    "seed": "13",
    "shuffleSnps": true,
    "variables": [
        {
            "numSNPs": 10,
            "numSnpsInVar": 1,
            "numVar": 10
        },
        {
            "numSNPs": 16,
            "numSnpsInVar": 2,
            "numVar": 8
        },
        {
            "numSNPs": 12,
            "numSnpsInVar": 3,
            "numVar": 4
        }
    ]
}